1;Plano HermitPurple;0.8500000238418579;0.6499999761581421;Ortopediatria;EM_PROCESSO
